{"name":"28b8dba1-a43b-4efc-83cc-4d65d4dda16e","id":"/providers/Microsoft.Flow/flows/28b8dba1-a43b-4efc-83cc-4d65d4dda16e","type":"Microsoft.Flow/flows","properties":{"apiId":"/providers/Microsoft.PowerApps/apis/shared_logicflows","displayName":"Send notification person or group type column","definition":{"metadata":{"workflowEntityId":null,"processAdvisorMetadata":null,"flowChargedByPaygo":null,"flowclientsuspensionreason":"None","flowclientsuspensiontime":null,"flowclientsuspensionreasondetails":null,"creator":{"id":"1e92d1b8-1e24-4b02-92c8-905b35bc1ff1","type":"User","tenantId":"c8616767-061b-4409-869d-1a81a1be8c20"},"provisioningMethod":"FromDefinition","failureAlertSubscription":true,"clientLastModifiedTime":"2024-12-03T09:51:32.7359362Z","connectionKeySavedTimeKey":"2024-12-03T09:51:32.7359362Z"},"$schema":"https://schema.management.azure.com/providers/Microsoft.Logic/schemas/2016-06-01/workflowdefinition.json#","contentVersion":"1.0.0.0","parameters":{"$authentication":{"defaultValue":{},"type":"SecureObject"},"$connections":{"defaultValue":{},"type":"Object"}},"triggers":{"When_an_item_is_created_or_modified":{"recurrence":{"interval":1,"frequency":"Minute"},"splitOn":"@triggerOutputs()?['body/value']","type":"OpenApiConnection","inputs":{"parameters":{"dataset":"https://vztp7.sharepoint.com/sites/TimesheetPowerApp","table":"a84d0b5e-9cca-45c0-9341-b262abf5f9a3"},"host":{"apiId":"/providers/Microsoft.PowerApps/apis/shared_sharepointonline","connectionName":"shared_sharepointonline","operationId":"GetOnUpdatedItems"},"authentication":"@parameters('$authentication')"}}},"actions":{"For_each":{"foreach":"@triggerOutputs()?['body']?['MultiSelectPersonTypeColumn']","actions":{"Compose":{"type":"Compose","inputs":"@item()?['Email']"},"Append_to_array_variable":{"runAfter":{"Compose":["Succeeded"]},"type":"AppendToArrayVariable","inputs":{"name":"VarTo","value":"@outputs('Compose')"}}},"runAfter":{"Initialize_variable":["Succeeded"]},"type":"Foreach"},"Initialize_variable":{"runAfter":{},"type":"InitializeVariable","inputs":{"variables":[{"name":"VarTo","type":"array"}]}},"Join":{"runAfter":{"For_each":["Succeeded"]},"type":"Join","inputs":{"from":"@variables('VarTo')","joinWith":";"}},"Send_an_email_(V2)":{"runAfter":{"Join":["Succeeded"]},"type":"OpenApiConnection","inputs":{"parameters":{"emailMessage/To":"@body('Join')","emailMessage/Subject":"Send notification person or group type column","emailMessage/Body":"<p class=\"editor-paragraph\">@{body('Join')}</p>","emailMessage/Importance":"Normal"},"host":{"apiId":"/providers/Microsoft.PowerApps/apis/shared_office365","connectionName":"shared_office365","operationId":"SendEmailV2"},"authentication":"@parameters('$authentication')"}}},"outputs":{}},"connectionReferences":{"shared_sharepointonline":{"connectionName":"215e8143de8c4f26897dd51e1a6a647f","source":"Embedded","id":"/providers/Microsoft.PowerApps/apis/shared_sharepointonline","tier":"NotSpecified"},"shared_office365":{"connectionName":"shared-office365-46ae1582-ed77-47bd-a7a2-30cb6edfece9","source":"Embedded","id":"/providers/Microsoft.PowerApps/apis/shared_office365","tier":"NotSpecified"}},"flowFailureAlertSubscribed":false,"isManaged":false}}