{"name":"6021723b-1f6a-40e7-b4db-f87b8aeccd97","id":"/providers/Microsoft.Flow/flows/6021723b-1f6a-40e7-b4db-f87b8aeccd97","type":"Microsoft.Flow/flows","properties":{"apiId":"/providers/Microsoft.PowerApps/apis/shared_logicflows","displayName":"SharePoint Get Chnages Previous ","definition":{"metadata":{"workflowEntityId":null,"processAdvisorMetadata":null,"flowChargedByPaygo":null,"flowclientsuspensionreason":"None","flowclientsuspensiontime":null,"flowclientsuspensionreasondetails":null,"creator":{"id":"1e92d1b8-1e24-4b02-92c8-905b35bc1ff1","type":"User","tenantId":"c8616767-061b-4409-869d-1a81a1be8c20"},"provisioningMethod":"FromDefinition","failureAlertSubscription":true,"clientLastModifiedTime":"2024-12-02T07:57:54.4981246Z","connectionKeySavedTimeKey":"2024-12-02T07:57:54.4981246Z"},"$schema":"https://schema.management.azure.com/providers/Microsoft.Logic/schemas/2016-06-01/workflowdefinition.json#","contentVersion":"1.0.0.0","parameters":{"$authentication":{"defaultValue":{},"type":"SecureObject"},"$connections":{"defaultValue":{},"type":"Object"}},"triggers":{"When_an_item_or_a_file_is_modified":{"recurrence":{"interval":1,"frequency":"Minute"},"splitOn":"@triggerOutputs()?['body/value']","metadata":{"operationMetadataId":"3c0e785b-d8bf-46cc-94e8-93dc48f7d349"},"type":"OpenApiConnection","inputs":{"parameters":{"dataset":"https://vztp7.sharepoint.com/sites/TimesheetPowerApp","table":"eadabe82-46dd-4fb6-80df-023f473ed600"},"host":{"apiId":"/providers/Microsoft.PowerApps/apis/shared_sharepointonline","connectionName":"shared_sharepointonline","operationId":"GetOnChangedItems"},"authentication":"@parameters('$authentication')"}}},"actions":{"Get_changes_for_an_item_or_a_file_(properties_only)":{"runAfter":{},"metadata":{"operationMetadataId":"8b9384d5-4c3a-4c8d-920b-c01253b9cf5a"},"type":"OpenApiConnection","inputs":{"parameters":{"dataset":"https://vztp7.sharepoint.com/sites/TimesheetPowerApp","table":"eadabe82-46dd-4fb6-80df-023f473ed600","id":"@triggerBody()?['ID']","since":"@triggerBody()?['{TriggerWindowStartToken}']","includeDrafts":false},"host":{"apiId":"/providers/Microsoft.PowerApps/apis/shared_sharepointonline","connectionName":"shared_sharepointonline","operationId":"GetItemChanges"},"authentication":"@parameters('$authentication')"}},"Send_an_HTTP_request_to_SharePoint":{"runAfter":{"Get_changes_for_an_item_or_a_file_(properties_only)":["Succeeded"]},"metadata":{"operationMetadataId":"5ac2bd95-f4e6-4936-9224-b684e320c2f9"},"type":"OpenApiConnection","inputs":{"parameters":{"dataset":"https://vztp7.sharepoint.com/sites/TimesheetPowerApp","parameters/method":"GET","parameters/uri":"_api/web/lists/getByTitle('TimeEntries')/items(@{triggerBody()?['ID']})/versions(@{outputs('Get_changes_for_an_item_or_a_file_(properties_only)')?['body/SinceVersionId']})"},"host":{"apiId":"/providers/Microsoft.PowerApps/apis/shared_sharepointonline","connectionName":"shared_sharepointonline","operationId":"HttpRequest"},"authentication":"@parameters('$authentication')"}},"Status":{"runAfter":{"Send_an_HTTP_request_to_SharePoint":["Succeeded"]},"type":"Compose","inputs":"@body('Send_an_HTTP_request_to_SharePoint')?['d']?['Status']"}},"outputs":{}},"connectionReferences":{"shared_sharepointonline":{"connectionName":"215e8143de8c4f26897dd51e1a6a647f","source":"Embedded","id":"/providers/Microsoft.PowerApps/apis/shared_sharepointonline","tier":"NotSpecified"}},"flowFailureAlertSubscribed":false,"isManaged":false}}