{"name":"0b19ba40-7cef-492b-b8b8-ec49c99e2d2d","id":"/providers/Microsoft.Flow/flows/0b19ba40-7cef-492b-b8b8-ec49c99e2d2d","type":"Microsoft.Flow/flows","properties":{"apiId":"/providers/Microsoft.PowerApps/apis/shared_logicflows","displayName":"dynamicallresubmitflow","definition":{"metadata":{"workflowEntityId":null,"processAdvisorMetadata":null,"flowChargedByPaygo":null,"flowclientsuspensionreason":"None","flowclientsuspensiontime":null,"flowclientsuspensionreasondetails":null,"creator":{"id":"1e92d1b8-1e24-4b02-92c8-905b35bc1ff1","type":"User","tenantId":"c8616767-061b-4409-869d-1a81a1be8c20"},"provisioningMethod":"FromDefinition","failureAlertSubscription":true,"clientLastModifiedTime":"2024-11-04T15:38:00.7884024Z","connectionKeySavedTimeKey":"2024-11-04T15:38:00.7884024Z"},"$schema":"https://schema.management.azure.com/providers/Microsoft.Logic/schemas/2016-06-01/workflowdefinition.json#","contentVersion":"undefined","parameters":{"$authentication":{"defaultValue":{},"type":"SecureObject"},"$connections":{"defaultValue":{},"type":"Object"}},"triggers":{"manual":{"type":"Request","kind":"Button","inputs":{"schema":{"type":"object","properties":{},"required":[]}}}},"actions":{"Get_Environment_as_Admin":{"runAfter":{},"type":"OpenApiConnection","inputs":{"parameters":{"environment":"@workflow()?['tags']['environmentName']","api-version":"2018-10-01"},"host":{"apiId":"/providers/Microsoft.PowerApps/apis/shared_powerplatformforadmins","connectionName":"shared_powerplatformforadmins","operationId":"GetSingleEnvironment"},"authentication":{"value":"@json(decodeBase64(triggerOutputs().headers['X-MS-APIM-Tokens']))['$ConnectionKey']","type":"Raw"}}},"Get_item":{"runAfter":{"Get_Environment_as_Admin":["Succeeded"]},"type":"OpenApiConnection","inputs":{"parameters":{"dataset":"https://vztp7.sharepoint.com/sites/patchexample1","table":"3c3797cc-d6bd-4397-ba1d-fa6457fcf2b5","id":4},"host":{"apiId":"/providers/Microsoft.PowerApps/apis/shared_sharepointonline","connectionName":"shared_sharepointonline","operationId":"GetItem"},"authentication":{"value":"@json(decodeBase64(triggerOutputs().headers['X-MS-APIM-Tokens']))['$ConnectionKey']","type":"Raw"}}},"Update_item":{"runAfter":{"Get_item":["Succeeded"]},"type":"OpenApiConnection","inputs":{"parameters":{"dataset":"https://vztp7.sharepoint.com/sites/patchexample1","table":"3c3797cc-d6bd-4397-ba1d-fa6457fcf2b5","id":4,"item/NumberTest":"@sub(outputs('Get_item')?['body/NumberTest'],1)"},"host":{"apiId":"/providers/Microsoft.PowerApps/apis/shared_sharepointonline","connectionName":"shared_sharepointonline","operationId":"PatchItem"},"authentication":{"value":"@json(decodeBase64(triggerOutputs().headers['X-MS-APIM-Tokens']))['$ConnectionKey']","type":"Raw"}}},"Condition":{"actions":{"Terminate-copy":{"type":"Terminate","inputs":{"runStatus":"Succeeded"}}},"runAfter":{"Update_item":["Succeeded"]},"else":{"actions":{"Resubmit_Flow":{"type":"OpenApiConnection","inputs":{"parameters":{"environmentName":"@outputs('Get_Environment_as_Admin')?['body/name']","flowName":"@workflow()?['tags']['logicAppName']","triggerName":"manual","runId":"@workflow()?['run']['name']"},"host":{"apiId":"/providers/Microsoft.PowerApps/apis/shared_flowmanagement","connectionName":"shared_flowmanagement","operationId":"ResubmitFlow"},"authentication":{"value":"@json(decodeBase64(triggerOutputs().headers['X-MS-APIM-Tokens']))['$ConnectionKey']","type":"Raw"}}},"Terminate":{"runAfter":{"Resubmit_Flow":["Succeeded"]},"type":"Terminate","inputs":{"runStatus":"Succeeded"}}}},"expression":{"and":[{"equals":["@outputs('Update_item')?['body/NumberTest']",0]}]},"type":"If"}}},"connectionReferences":{"shared_powerplatformforadmins":{"connectionName":"shared-powerplatform-249f7796-0ecb-409e-8172-3fa0c8894e37","source":"Invoker","id":"/providers/Microsoft.PowerApps/apis/shared_powerplatformforadmins","tier":"NotSpecified"},"shared_sharepointonline":{"connectionName":"215e8143de8c4f26897dd51e1a6a647f","source":"Invoker","id":"/providers/Microsoft.PowerApps/apis/shared_sharepointonline","tier":"NotSpecified"},"shared_flowmanagement":{"connectionName":"shared-flowmanagemen-89f7e66b-1645-4893-add1-3decf0225a51","source":"Invoker","id":"/providers/Microsoft.PowerApps/apis/shared_flowmanagement","tier":"NotSpecified"}},"flowFailureAlertSubscribed":false,"isManaged":false}}