{"name":"16081a41-2a8e-4348-98a5-f437de49a025","id":"/providers/Microsoft.Flow/flows/16081a41-2a8e-4348-98a5-f437de49a025","type":"Microsoft.Flow/flows","properties":{"apiId":"/providers/Microsoft.PowerApps/apis/shared_logicflows","displayName":"Bing Maps","definition":{"metadata":{"workflowEntityId":null,"processAdvisorMetadata":null,"flowChargedByPaygo":null,"flowclientsuspensionreason":"None","flowclientsuspensiontime":null,"flowclientsuspensionreasondetails":null,"creator":{"id":"1e92d1b8-1e24-4b02-92c8-905b35bc1ff1","type":"User","tenantId":"c8616767-061b-4409-869d-1a81a1be8c20"},"provisioningMethod":"FromDefinition","failureAlertSubscription":true,"clientLastModifiedTime":"2024-12-04T07:01:45.0270816Z","connectionKeySavedTimeKey":"2024-12-04T07:01:45.0270816Z"},"$schema":"https://schema.management.azure.com/providers/Microsoft.Logic/schemas/2016-06-01/workflowdefinition.json#","contentVersion":"undefined","parameters":{"$authentication":{"defaultValue":{},"type":"SecureObject"},"$connections":{"defaultValue":{},"type":"Object"}},"triggers":{"manual":{"type":"Request","kind":"Button","inputs":{"schema":{"type":"object","properties":{"location":{"type":"object","properties":{"fullAddress":{"title":"Full address","type":"string","x-ms-dynamically-added":false},"address":{"type":"object","properties":{"countryOrRegion":{"title":"Country/Region","type":"string","x-ms-dynamically-added":false},"city":{"title":"City","type":"string","x-ms-dynamically-added":false},"state":{"title":"State","type":"string","x-ms-dynamically-added":false},"street":{"title":"Street","type":"string","x-ms-dynamically-added":false},"postalCode":{"title":"Postal code","type":"string","x-ms-dynamically-added":false}},"required":["countryOrRegion","city","state","street","postalCode"]},"coordinates":{"type":"object","properties":{"latitude":{"title":"Latitude","type":"number","x-ms-dynamically-added":false},"longitude":{"title":"Longitude","type":"number","x-ms-dynamically-added":false}},"required":["latitude","longitude"]}}},"text":{"description":"Latitude","title":"Latitude","type":"string","x-ms-content-hint":"TEXT","x-ms-dynamically-added":true},"text_1":{"description":"Longitude","title":"Longitude","type":"string","x-ms-content-hint":"TEXT","x-ms-dynamically-added":true}},"required":["location","text","text_1"]}}}},"actions":{"Get_location_by_point":{"runAfter":{},"type":"OpenApiConnection","inputs":{"parameters":{"latitude":"@triggerBody()?['location']?['coordinates']?['latitude']","longitude":"@triggerBody()?['location']?['coordinates']?['longitude']","includeNeighborhood":true,"include":true},"host":{"apiId":"/providers/Microsoft.PowerApps/apis/shared_bingmaps","connectionName":"shared_bingmaps-1","operationId":"GetLocationByPoint"},"authentication":{"value":"@json(decodeBase64(triggerOutputs().headers['X-MS-APIM-Tokens']))['$ConnectionKey']","type":"Raw"}}},"Get_location_by_address":{"runAfter":{"Get_location_by_point":["Succeeded"]},"type":"OpenApiConnection","inputs":{"parameters":{"addressLine":"Sanivani college Of Engineering, Kopargoan ","locality":"Kopargoan ","adminDistrict":"Kopargoan ","postalCode":"423603","countryRegion":"India"},"host":{"apiId":"/providers/Microsoft.PowerApps/apis/shared_bingmaps","connectionName":"shared_bingmaps-1","operationId":"GetLocationByAddress"},"authentication":{"value":"@json(decodeBase64(triggerOutputs().headers['X-MS-APIM-Tokens']))['$ConnectionKey']","type":"Raw"}}},"Get_route":{"runAfter":{"Get_location_by_address":["Succeeded"]},"type":"OpenApiConnection","inputs":{"parameters":{"wp.0":"@outputs('Get_location_by_address')?['body/address/formattedAddress']","wp.1":"@outputs('Get_location_by_point')?['body/address/formattedAddress']","travelMode":"Driving","avoid_highways":false,"avoid_tolls":false,"avoid_ferry":false,"avoid_minimizeHighways":false,"avoid_minimizeTolls":false,"avoid_borderCrossing":false},"host":{"apiId":"/providers/Microsoft.PowerApps/apis/shared_bingmaps","connectionName":"shared_bingmaps-1","operationId":"GetRouteV3"},"authentication":{"value":"@json(decodeBase64(triggerOutputs().headers['X-MS-APIM-Tokens']))['$ConnectionKey']","type":"Raw"}}},"Compose":{"runAfter":{"Get_route":["Succeeded"]},"type":"Compose","inputs":"@outputs('Get_route')?['body/distanceUnit']"}}},"connectionReferences":{"shared_bingmaps-1":{"connectionName":"shared-bingmaps-07c51f31-059f-4e48-97bf-14f56ac60ee5","source":"Invoker","id":"/providers/Microsoft.PowerApps/apis/shared_bingmaps","tier":"NotSpecified"}},"flowFailureAlertSubscribed":false,"isManaged":false}}